{
  "glycan_id": "GOG124",
  "residues": [
     {
       "name": "GlcNAc",
       "residue_id": "NA",
       "fullName": "N-glycan_core_b-D-GlcpNAc_A",
       "anomer": "b",
       "absolute": "D",
       "ring": "p",
       "site": "0",
       "parent": "no_id",
       "shape": "square",
       "color": "#0090BC",
       "pubChem": "GlcNAc",
       "enzymes":  [

       ]
     },
     {
       "name": "GlcNAc",
       "residue_id": "N2",
       "fullName": "N-glycan_b-D-GlcpNAc_2",
       "anomer": "b",
       "absolute": "D",
       "ring": "p",
       "site": "2",
       "parent": "N1",
       "shape": "square",
       "color": "#0090BC",
       "pubChem": "GlcNAc",
       "enzymes":  [
          { "RefSeq": "P27808"}
       ]
     },
     {
       "name": "GlcNAc",
       "residue_id": "N5",
       "fullName": "N-glycan_b-D-GlcpNAc_5",
       "anomer": "b",
       "absolute": "D",
       "ring": "p",
       "site": "2",
       "parent": "N4",
       "shape": "square",
       "color": "#0090BC",
       "pubChem": "GlcNAc",
       "enzymes":  [
          { "RefSeq": "Q921V5"}
       ]
     },
     {
       "name": "Man",
       "residue_id": "N1",
       "fullName": "N-glycan_a-D-Manp_1",
       "anomer": "a",
       "absolute": "D",
       "ring": "p",
       "site": "3",
       "parent": "NC",
       "shape": "circle",
       "color": "#00A651",
       "pubChem": "Man",
       "enzymes":  [
          { "RefSeq": "Q9DBE8"}
       ]
     },
     {
       "name": "Fuc",
       "residue_id": "N43",
       "fullName": "N-glycan_a-L-Fucp_43",
       "anomer": "a",
       "absolute": "L",
       "ring": "p",
       "site": "3",
       "parent": "N9",
       "shape": "triangle",
       "color": "#ED1C24",
       "pubChem": "Fuc",
       "enzymes":  [

       ]
     },
     {
       "name": "Gal",
       "residue_id": "N10",
       "fullName": "N-glycan_b-D-Galp_10",
       "anomer": "b",
       "absolute": "D",
       "ring": "p",
       "site": "4",
       "parent": "N9",
       "shape": "circle",
       "color": "#FFD400",
       "pubChem": "Gal",
       "enzymes":  [
          { "RefSeq": "P15535"},
          { "RefSeq": "Q9Z2Y2"},
          { "RefSeq": "Q91YY2"}
       ]
     },
     {
       "name": "Gal",
       "residue_id": "N3",
       "fullName": "N-glycan_b-D-Galp_3",
       "anomer": "b",
       "absolute": "D",
       "ring": "p",
       "site": "4",
       "parent": "N2",
       "shape": "circle",
       "color": "#FFD400",
       "pubChem": "Gal",
       "enzymes":  [
          { "RefSeq": "P15535"},
          { "RefSeq": "Q9Z2Y2"},
          { "RefSeq": "Q91YY2"}
       ]
     },
     {
       "name": "Gal",
       "residue_id": "N6",
       "fullName": "N-glycan_b-D-Galp_6",
       "anomer": "b",
       "absolute": "D",
       "ring": "p",
       "site": "4",
       "parent": "N5",
       "shape": "circle",
       "color": "#FFD400",
       "pubChem": "Gal",
       "enzymes":  [
          { "RefSeq": "P15535"},
          { "RefSeq": "Q9Z2Y2"},
          { "RefSeq": "Q91YY2"}
       ]
     },
     {
       "name": "Gal",
       "residue_id": "N8",
       "fullName": "N-glycan_b-D-Galp_8",
       "anomer": "b",
       "absolute": "D",
       "ring": "p",
       "site": "4",
       "parent": "N7",
       "shape": "circle",
       "color": "#FFD400",
       "pubChem": "Gal",
       "enzymes":  [
          { "RefSeq": "P15535"},
          { "RefSeq": "Q9Z2Y2"},
          { "RefSeq": "Q91YY2"}
       ]
     },
     {
       "name": "GlcNAc",
       "residue_id": "N7",
       "fullName": "N-glycan_b-D-GlcpNAc_7",
       "anomer": "b",
       "absolute": "D",
       "ring": "p",
       "site": "4",
       "parent": "N1",
       "shape": "square",
       "color": "#0090BC",
       "pubChem": "GlcNAc",
       "enzymes":  [
          { "RefSeq": "Q812G0"},
          { "RefSeq": "Q812F8"},
          { "RefSeq": "Q9D306"}
       ]
     },
     {
       "name": "GlcNAc",
       "residue_id": "NB",
       "fullName": "N-glycan_core_b-D-GlcpNAc_B",
       "anomer": "b",
       "absolute": "D",
       "ring": "p",
       "site": "4",
       "parent": "NA",
       "shape": "square",
       "color": "#0090BC",
       "pubChem": "GlcNAc",
       "enzymes":  [
          { "RefSeq": "Q9D081"},
          { "RefSeq": "Q9D8C3"},
          { "RefSeq": "Q8BML3"}
       ]
     },
     {
       "name": "Man",
       "residue_id": "NC",
       "fullName": "N-glycan_core_b-D-Manp",
       "anomer": "b",
       "absolute": "D",
       "ring": "p",
       "site": "4",
       "parent": "NB",
       "shape": "circle",
       "color": "#00A651",
       "pubChem": "Man",
       "enzymes":  [
          { "RefSeq": "Q921Q3"}
       ]
     },
     {
       "name": "Man",
       "residue_id": "N4",
       "fullName": "N-glycan_a-D-Manp_4",
       "anomer": "a",
       "absolute": "D",
       "ring": "p",
       "site": "6",
       "parent": "NC",
       "shape": "circle",
       "color": "#00A651",
       "pubChem": "Man",
       "enzymes":  [
          { "RefSeq": "Q9DBE8"}
       ]
     },
     {
       "name": "GlcNAc",
       "residue_id": "N9",
       "fullName": "N-glycan_b-D-GlcpNAc_9",
       "anomer": "b",
       "absolute": "D",
       "ring": "p",
       "site": "6",
       "parent": "N4",
       "shape": "square",
       "color": "#0090BC",
       "pubChem": "GlcNAc",
       "enzymes":  [
          { "RefSeq": "Q8R4G6"},
          { "RefSeq": "Q765H6"}
       ]
     }
  ]
}
