{
  "glycan_id": "GOG123",
  "residues": [    
      {
        "index": "0",
        "residue_id": "NA",
        "name": "GlcNAc",
        "anomer": "b",
        "absolute": "D",
        "ring": "p",
        "enzymes": [
        ]
      },
      {
        "index": "1",
        "residue_id": "NB",
        "name": "GlcNAc",
        "anomer": "b",
        "absolute": "D",
        "ring": "p",
        "enzymes": [
          {"accession": "Q9D081"},
          {"accession": "Q9D8C3"},
          {"accession": "Q8BML3"}
        ]
      },
      {
        "index": "2",
        "residue_id": "NC",
        "name": "Man",
        "anomer": "b",
        "absolute": "D",
        "ring": "p",
        "enzymes": [
          {"accession": "Q921Q3"}
        ]
      },
      {
        "index": "3",
        "residue_id": "N1",
        "name": "Man",
        "anomer": "a",
        "absolute": "D",
        "ring": "p",
        "enzymes": [
          {"accession": "Q9DBE8"}
        ]
      },
      {
        "index": "4",
        "residue_id": "N2",
        "name": "GlcNAc",
        "anomer": "b",
        "absolute": "D",
        "ring": "p",
        "enzymes": [
          {"accession": "P27808"}
        ]
      },
      {
        "index": "5",
        "residue_id": "N3",
        "name": "Gal",
        "anomer": "b",
        "absolute": "D",
        "ring": "p",
        "enzymes": [
          {"accession": "P15535"},
          {"accession": "Q9Z2Y2"},
          {"accession": "Q91YY2"}
        ]
      },
      {
        "index": "6",
        "residue_id": "N7",
        "name": "GlcNAc",
        "anomer": "b",
        "absolute": "D",
        "ring": "p",
        "enzymes": [
          {"accession": "Q812G0"},
          {"accession": "Q812F8"},
          {"accession": "Q9D306"}
        ]
      },
      {
        "index": "7",
        "residue_id": "N8",
        "name": "Gal",
        "anomer": "b",
        "absolute": "D",
        "ring": "p",
        "enzymes": [
          {"accession": "P15535"},
          {"accession": "Q9Z2Y2"},
          {"accession": "Q91YY2"}
        ]
      },
      {
        "index": "8",
        "residue_id": "N4",
        "name": "Man",
        "anomer": "a",
        "absolute": "D",
        "ring": "p",
        "enzymes": [
          {"accession": "Q9DBE8"}
        ]
      },
      {
        "index": "9",
        "residue_id": "N5",
        "name": "GlcNAc",
        "anomer": "b",
        "absolute": "D",
        "ring": "p",
        "enzymes": [
          {"accession": "Q921V5"}
        ]
      },
      {
        "index": "10",
        "residue_id": "N42",
        "name": "Fuc",
        "anomer": "a",
        "absolute": "L",
        "ring": "p",
        "enzymes": [
        ]
      },
      {
        "index": "11",
        "residue_id": "N6",
        "name": "Gal",
        "anomer": "b",
        "absolute": "D",
        "ring": "p",
        "enzymes": [
          {"accession": "P15535"},
          {"accession": "Q9Z2Y2"},
          {"accession": "Q91YY2"}
        ]
      },
      {
        "index": "12",
        "residue_id": "N9",
        "name": "GlcNAc",
        "anomer": "b",
        "absolute": "D",
        "ring": "p",
        "enzymes": [
          {"accession": "Q8R4G6"},
          {"accession": "Q765H6"}
        ]
      },
      {
        "index": "13",
        "residue_id": "N10",
        "name": "Gal",
        "anomer": "b",
        "absolute": "D",
        "ring": "p",
        "enzymes": [
          {"accession": "P15535"},
          {"accession": "Q9Z2Y2"},
          {"accession": "Q91YY2"}
        ]
      }
  ]
}